metric,value
nodes,36
edges,49
components,10
density,0.07777777777777778
diameter,83
avg_degree,2.7222222222222223
clustering_coefficient,0.6906474820143885
