account_id,avg_time_delta,avg_edge_symmetry_score,unique_shares_count
doubanjiang310,50.833333333333336,0.9090909090909091,8
h_kp82,71.66666666666667,1,8
huangdoujiang012,57.5,0.9545454545454546,8
lajiaojiang219,71.66666666666667,1,6
ribendongzuo0077,64.16666666666667,1,7
