account_id,avg_time_delta,avg_edge_symmetry_score,unique_shares_count
doubanjiang310,51.95392156862746,0.9188034188034188,13
fanqie0166,56.978632478632484,0.9629629629629629,11
grusf218,64.23076923076923,0.8888888888888888,12
h_kp82,55.17948717948718,0.9666666666666667,14
huangdoujiang012,49.28333333333334,0.9444444444444445,14
lajiaojiang219,68,1,13
ribendongzuo0077,44.992810457516335,0.97435897435897445,13
veuek344,53.83333333333333,1,14
yemeigui236,55,0.9,13
