account_id,avg_time_delta,avg_edge_symmetry_score,unique_shares_count
.prince.sahin,61.6,1,2
h.m.osman.h.m.osm1,67,1,4
mahimkhan1043,67,1,5
mdsajim2321,58.666666666666664,0.6666666666666666,2
rakibhussain624,58.666666666666664,0.6666666666666666,3
user5699597151255,63.55,1,7
user769780951,65.5,1,2
