account_id,avg_time_delta,avg_edge_symmetry_score,unique_shares_count
user43301358468186,30.818181818181817,1,7
user7388431600768,30.818181818181817,1,7
