account_id,avg_time_delta,avg_edge_symmetry_score,unique_shares_count
jdk512279,22.5,1,3
kubri_pilot_3535,95.66666666666667,0.6666666666666666,3
tyvzq888,22.5,1,3
username.123456030,95.66666666666667,0.6666666666666666,2
