account_id,avg_time_delta,avg_edge_symmetry_score,unique_shares_count
dyfxtfd,56.333333333333336,1,2
fughf21,64.875,1,2
hsozhs6,2.1666666666666665,1,2
jfkovj5,37.666666666666664,1,2
ssssddd45,56.333333333333336,1,2
user5626060056906,109.33333333333333,1,2
user6922385284275,110.33333333333333,1,2
user769357200,40.333333333333336,1,2
user9263706665749,40.333333333333336,1,2
username.123456804,99.66666666666667,1,5
username.123467897,99.66666666666667,1,6
