account_id,avg_time_delta,avg_edge_symmetry_score,unique_shares_count
6b1ebfa2,49.870370370370374,0.9333333333333332,3
8a44bd80,52.5,0.9,3
basilberthaeq0301,65.0909090909091,0.875,7
bgfddf8888,55.25,1,3
cyz1322,45.875,1,3
cyz1325,45.875,1,3
duocidhd,55.25,1,5
ertt81403pb,59.666666666666664,0.8,3
oeplbsknc6,65.0909090909091,0.875,6
user4695781184610,54.125,1,3
user5110430284941,53.28703703703704,1,3
user5960025037953,59.666666666666664,0.8,3
