account_id,avg_time_delta,avg_edge_symmetry_score,unique_shares_count
gbooat,45,1,5
gksdtirevb,47.51083333333333,0.9090909090909092,9
okgsisnssx,43.066923076923075,0.9230769230769231,9
user8431021130445,49.4,0.8461538461538461,9
user8632343249071,49.4,0.8461538461538461,8
xin20241035,45,1,4
yyfdtwhtod,44.09775641025641,0.8321678321678322,9
