account_id,avg_time_delta,avg_edge_symmetry_score,unique_shares_count
.prince.sahin,36.333333333333336,0.6666666666666666,9
akhiislamakhi07,66,0.8,10
md.jahed7838,66,0.8,3
mdtoufikahmed08,51.25,0.5,2
rakib3140,59.666666666666664,0.6666666666666666,1
sadikur.rahman146,53.45833333333333,0.8333333333333333,10
shohidul8060,49.25,0.75,8
user769780951,36.333333333333336,0.6666666666666666,4
