account_id,avg_time_delta,avg_edge_symmetry_score,unique_shares_count
babulahmebbabul,59.142857142857146,0.5,7
jibon.mohonto6,41.714285714285715,0.6,2
mohammadebrahim438,41.714285714285715,0.6,4
nidysk,58.833333333333336,0.8,4
smfsd,58.833333333333336,0.8,2
user4011372158127,59.142857142857146,0.5,1
