account_id,avg_time_delta,avg_edge_symmetry_score,unique_shares_count
bnk6658,57.23809523809524,0.9,3
epfwigvobi27ut,51.75,0.8,3
fhc6075,49.85714285714286,1,3
hh56483,68.95238095238095,0.9,3
mkudgczo,20.666666666666668,1,3
nevsafrazier,72.33333333333333,1,3
ngnhlinh369,72.33333333333333,1,3
user80339861234913,51.75,0.8,3
xyj2a69an6i0,20.666666666666668,1,3
