account_id,avg_time_delta,avg_edge_symmetry_score,unique_shares_count
cutequeen_driver120,97.1,0.75,4
gbooat,58.182072829131656,0.9333333333333333,12
okgsisnssx,42.904761904761905,0.9333333333333333,11
paro_driver120,94.3,0.625,13
stylish_queen_120,91.5,0.5,9
user8431021130445,69,0.9,8
user8632343249071,69,0.9,7
xin20241035,51.15266106442577,0.9333333333333333,12
yydszdzqa,52.38235294117647,0.9333333333333333,11
yyfdtwhtod,42.904761904761905,0.9333333333333333,10
