metric,value
nodes,55
edges,50
components,20
density,0.03367003367003367
diameter,45
avg_degree,1.8181818181818181
clustering_coefficient,0.8695652173913043
