metric,value
nodes,34
edges,62
components,10
density,0.11051693404634581
diameter,37
avg_degree,3.6470588235294117
clustering_coefficient,0.8927335640138409
