metric,value
nodes,63
edges,56
components,22
density,0.02867383512544803
diameter,45
avg_degree,1.7777777777777777
clustering_coefficient,0.6666666666666666
