metric,value
nodes,59
edges,58
components,18
density,0.03389830508474576
diameter,91
avg_degree,1.9661016949152543
clustering_coefficient,0.5869565217391305
