metric,value
nodes,560
edges,638
components,169
density,0.004076156401737797
diameter,99
avg_degree,2.2785714285714285
clustering_coefficient,0.744153082919915
