metric,value
nodes,118
edges,141
components,34
density,0.020425901781833983
diameter,41
avg_degree,2.389830508474576
clustering_coefficient,0.7573770491803279
