metric,value
nodes,274
edges,373
components,86
density,0.009972995374455229
diameter,51
avg_degree,2.7226277372262775
clustering_coefficient,0.8443768996960487
