metric,value
nodes,557
edges,637
components,168
density,0.004113764643581365
diameter,109
avg_degree,2.287253141831239
clustering_coefficient,0.7377384196185286
