metric,value
nodes,484
edges,539
components,153
density,0.00461133069828722
diameter,70
avg_degree,2.227272727272727
clustering_coefficient,0.7493995196156925
