metric,value
nodes,552
edges,608
components,169
density,0.00399800099950025
diameter,108
avg_degree,2.2028985507246377
clustering_coefficient,0.7518014411529224
