metric,value
nodes,210
edges,215
components,69
density,0.009797220323536112
diameter,53
avg_degree,2.0476190476190474
clustering_coefficient,0.8130081300813008
