metric,value
nodes,389
edges,413
components,130
density,0.005472663186070548
diameter,46
avg_degree,2.1233933161953726
clustering_coefficient,0.7965179542981502
