metric,value
nodes,501
edges,538
components,163
density,0.0042954091816367265
diameter,53
avg_degree,2.147704590818363
clustering_coefficient,0.7775735294117647
