metric,value
nodes,473
edges,550
components,149
density,0.004927079227433977
diameter,62
avg_degree,2.3255813953488373
clustering_coefficient,0.8172690763052208
