metric,value
nodes,603
edges,650
components,200
density,0.0035812080241097942
diameter,66
avg_degree,2.155887230514096
clustering_coefficient,0.8194552529182879
