metric,value
nodes,477
edges,526
components,156
density,0.004633299860824833
diameter,54
avg_degree,2.2054507337526204
clustering_coefficient,0.8168557536466775
