metric,value
nodes,416
edges,391
components,151
density,0.004529657089898054
diameter,61
avg_degree,1.8798076923076923
clustering_coefficient,0.823943661971831
