metric,value
nodes,570
edges,654
components,172
density,0.0040329294237350845
diameter,99
avg_degree,2.294736842105263
clustering_coefficient,0.7583936800526663
