metric,value
nodes,42
edges,41
components,14
density,0.047619047619047616
diameter,39
avg_degree,1.9523809523809523
clustering_coefficient,0.8225806451612904
