metric,value
nodes,49
edges,50
components,15
density,0.04251700680272109
diameter,78
avg_degree,2.0408163265306123
clustering_coefficient,0.6296296296296297
