metric,value
nodes,49
edges,47
components,16
density,0.03996598639455782
diameter,56
avg_degree,1.9183673469387754
clustering_coefficient,0.8142857142857143
