metric,value
nodes,79
edges,85
components,27
density,0.027588445309964297
diameter,39
avg_degree,2.151898734177215
clustering_coefficient,0.9352941176470588
